instance,inicio_local,fim_local,duracao_segundos,duracao_minutos
https://www.google.com/generate_204,2026-08-31 14:50:09 -0300,2026-08-31 14:50:09 -0300,60,1.0
https://www.google.com/generate_204,2026-08-31 14:59:09 -0300,2026-08-31 14:59:09 -0300,60,1.0
https://www.cloudflare.com/cdn-cgi/trace,2026-09-01 08:25:09 -0300,2026-09-01 08:25:09 -0300,60,1.0
https://www.google.com/generate_204,2026-09-01 08:25:09 -0300,2026-09-01 08:25:09 -0300,60,1.0
https://www.cloudflare.com/cdn-cgi/trace,2026-09-01 08:48:09 -0300,2026-09-01 08:48:09 -0300,60,1.0
https://www.cloudflare.com/cdn-cgi/trace,2026-09-01 08:54:09 -0300,2026-09-01 08:56:09 -0300,180,3.0
https://www.google.com/generate_204,2026-09-01 08:54:09 -0300,2026-09-01 08:54:09 -0300,60,1.0
https://www.google.com/generate_204,2026-09-02 06:58:09 -0300,2026-09-02 06:59:09 -0300,120,2.0
https://www.google.com/generate_204,2026-09-02 08:50:09 -0300,2026-09-02 08:51:09 -0300,120,2.0
https://www.google.com/generate_204,2026-09-02 08:54:09 -0300,2026-09-02 08:58:09 -0300,300,5.0
https://www.cloudflare.com/cdn-cgi/trace,2026-09-02 17:15:09 -0300,2026-09-02 17:17:09 -0300,180,3.0
https://www.cloudflare.com/cdn-cgi/trace,2026-09-02 18:50:09 -0300,2026-09-02 18:51:09 -0300,120,2.0
https://www.google.com/generate_204,2026-09-02 18:51:09 -0300,2026-09-02 18:51:09 -0300,60,1.0
https://www.cloudflare.com/cdn-cgi/trace,2026-09-02 19:08:09 -0300,2026-09-02 19:08:09 -0300,60,1.0
https://www.google.com/generate_204,2026-09-02 20:02:09 -0300,2026-09-02 20:02:09 -0300,60,1.0
https://www.cloudflare.com/cdn-cgi/trace,2026-09-02 20:03:09 -0300,2026-09-02 20:03:09 -0300,60,1.0
https://www.cloudflare.com/cdn-cgi/trace,2026-09-02 20:09:09 -0300,2026-09-02 20:11:09 -0300,180,3.0
https://www.cloudflare.com/cdn-cgi/trace,2026-09-02 20:19:09 -0300,2026-09-02 20:19:09 -0300,60,1.0
https://www.cloudflare.com/cdn-cgi/trace,2026-09-02 20:30:09 -0300,2026-09-02 20:32:09 -0300,180,3.0
https://www.google.com/generate_204,2026-09-02 20:30:09 -0300,2026-09-02 20:36:09 -0300,420,7.0
https://www.cloudflare.com/cdn-cgi/trace,2026-09-02 20:35:09 -0300,2026-09-02 20:35:09 -0300,60,1.0
https://www.cloudflare.com/cdn-cgi/trace,2026-09-02 20:40:09 -0300,2026-09-02 20:40:09 -0300,60,1.0
https://www.cloudflare.com/cdn-cgi/trace,2026-09-02 21:35:09 -0300,2026-09-02 21:35:09 -0300,60,1.0
https://www.google.com/generate_204,2026-09-02 21:35:09 -0300,2026-09-02 21:36:09 -0300,120,2.0
https://www.cloudflare.com/cdn-cgi/trace,2026-09-02 23:04:09 -0300,2026-09-02 23:07:09 -0300,240,4.0
https://www.google.com/generate_204,2026-09-02 23:04:09 -0300,2026-09-02 23:05:09 -0300,120,2.0
https://www.cloudflare.com/cdn-cgi/trace,2026-09-03 01:19:09 -0300,2026-09-03 01:19:09 -0300,60,1.0
https://www.cloudflare.com/cdn-cgi/trace,2026-09-03 04:49:09 -0300,2026-09-03 04:50:09 -0300,120,2.0
https://www.google.com/generate_204,2026-09-03 04:50:09 -0300,2026-09-03 04:50:09 -0300,60,1.0
https://www.cloudflare.com/cdn-cgi/trace,2026-09-03 09:05:09 -0300,2026-09-03 09:08:09 -0300,240,4.0
https://www.cloudflare.com/cdn-cgi/trace,2026-09-03 11:02:09 -0300,2026-09-03 11:02:09 -0300,60,1.0
https://www.google.com/generate_204,2026-09-03 11:02:09 -0300,2026-09-03 11:02:09 -0300,60,1.0
https://www.cloudflare.com/cdn-cgi/trace,2026-09-03 14:01:09 -0300,2026-09-03 14:01:09 -0300,60,1.0
https://www.cloudflare.com/cdn-cgi/trace,2026-09-03 17:54:09 -0300,2026-09-03 17:55:09 -0300,120,2.0
https://www.cloudflare.com/cdn-cgi/trace,2026-09-03 17:59:09 -0300,2026-09-03 17:59:09 -0300,60,1.0
https://www.cloudflare.com/cdn-cgi/trace,2026-09-03 18:07:09 -0300,2026-09-03 18:07:09 -0300,60,1.0
https://www.cloudflare.com/cdn-cgi/trace,2026-09-03 18:48:09 -0300,2026-09-03 18:49:09 -0300,120,2.0
https://www.cloudflare.com/cdn-cgi/trace,2026-09-03 20:01:09 -0300,2026-09-03 20:01:09 -0300,60,1.0
https://www.google.com/generate_204,2026-09-03 20:01:09 -0300,2026-09-03 20:02:09 -0300,120,2.0
https://www.cloudflare.com/cdn-cgi/trace,2026-09-04 07:19:09 -0300,2026-09-04 07:22:09 -0300,240,4.0
https://www.google.com/generate_204,2026-09-04 07:19:09 -0300,2026-09-04 07:21:09 -0300,180,3.0
https://www.google.com/generate_204,2026-09-04 09:01:09 -0300,2026-09-04 09:01:09 -0300,60,1.0
https://www.cloudflare.com/cdn-cgi/trace,2026-09-04 09:07:09 -0300,2026-09-04 09:07:09 -0300,60,1.0
https://www.google.com/generate_204,2026-09-04 09:07:09 -0300,2026-09-04 09:07:09 -0300,60,1.0
https://www.google.com/generate_204,2026-09-04 18:44:09 -0300,2026-09-04 18:45:09 -0300,120,2.0
https://www.cloudflare.com/cdn-cgi/trace,2026-09-04 18:45:09 -0300,2026-09-04 18:45:09 -0300,60,1.0
https://www.google.com/generate_204,2026-09-04 18:48:09 -0300,2026-09-04 18:48:09 -0300,60,1.0
https://www.google.com/generate_204,2026-09-04 18:53:09 -0300,2026-09-04 18:53:09 -0300,60,1.0
https://www.google.com/generate_204,2026-09-04 20:02:09 -0300,2026-09-04 20:02:09 -0300,60,1.0
https://www.google.com/generate_204,2026-09-04 21:38:09 -0300,2026-09-04 21:38:09 -0300,60,1.0
https://www.google.com/generate_204,2026-09-05 08:21:09 -0300,2026-09-05 08:21:09 -0300,60,1.0
https://www.cloudflare.com/cdn-cgi/trace,2026-09-05 08:23:09 -0300,2026-09-05 08:24:09 -0300,120,2.0
https://www.cloudflare.com/cdn-cgi/trace,2026-09-05 08:45:09 -0300,2026-09-05 08:46:09 -0300,120,2.0
https://www.cloudflare.com/cdn-cgi/trace,2026-09-05 08:50:09 -0300,2026-09-05 08:50:09 -0300,60,1.0
https://www.google.com/generate_204,2026-09-05 08:50:09 -0300,2026-09-05 08:51:09 -0300,120,2.0
https://www.google.com/generate_204,2026-09-05 09:01:09 -0300,2026-09-05 09:01:09 -0300,60,1.0
https://www.cloudflare.com/cdn-cgi/trace,2026-09-05 09:54:09 -0300,2026-09-05 09:54:09 -0300,60,1.0
https://www.cloudflare.com/cdn-cgi/trace,2026-09-05 10:00:09 -0300,2026-09-05 10:01:09 -0300,120,2.0
https://www.cloudflare.com/cdn-cgi/trace,2026-09-05 11:54:09 -0300,2026-09-05 11:54:09 -0300,60,1.0
https://www.google.com/generate_204,2026-09-05 11:54:09 -0300,2026-09-05 12:03:09 -0300,600,10.0
https://www.cloudflare.com/cdn-cgi/trace,2026-09-05 11:58:09 -0300,2026-09-05 11:58:09 -0300,60,1.0
https://www.cloudflare.com/cdn-cgi/trace,2026-09-05 12:01:09 -0300,2026-09-05 12:01:09 -0300,60,1.0
https://www.google.com/generate_204,2026-09-05 12:09:09 -0300,2026-09-05 12:09:09 -0300,60,1.0
https://www.cloudflare.com/cdn-cgi/trace,2026-09-05 15:03:09 -0300,2026-09-05 15:04:09 -0300,120,2.0
https://www.google.com/generate_204,2026-09-05 15:03:09 -0300,2026-09-05 15:04:09 -0300,120,2.0
https://www.cloudflare.com/cdn-cgi/trace,2026-09-05 15:43:09 -0300,2026-09-05 15:53:09 -0300,660,11.0
https://www.google.com/generate_204,2026-09-05 15:43:09 -0300,2026-09-05 15:53:09 -0300,660,11.0
https://www.cloudflare.com/cdn-cgi/trace,2026-09-05 15:56:09 -0300,2026-09-05 15:59:09 -0300,240,4.0
https://www.google.com/generate_204,2026-09-05 15:56:09 -0300,2026-09-05 15:59:09 -0300,240,4.0
https://www.cloudflare.com/cdn-cgi/trace,2026-09-05 16:02:09 -0300,2026-09-05 16:04:09 -0300,180,3.0
https://www.google.com/generate_204,2026-09-05 16:02:09 -0300,2026-09-05 16:03:09 -0300,120,2.0
https://www.cloudflare.com/cdn-cgi/trace,2026-09-05 16:08:09 -0300,2026-09-05 16:15:09 -0300,480,8.0
https://www.google.com/generate_204,2026-09-05 16:08:09 -0300,2026-09-05 16:15:09 -0300,480,8.0
https://www.google.com/generate_204,2026-09-05 20:32:09 -0300,2026-09-05 20:36:09 -0300,300,5.0
https://www.cloudflare.com/cdn-cgi/trace,2026-09-05 20:33:09 -0300,2026-09-05 20:36:09 -0300,240,4.0
https://www.cloudflare.com/cdn-cgi/trace,2026-09-06 03:37:09 -0300,2026-09-06 03:40:09 -0300,240,4.0
https://www.cloudflare.com/cdn-cgi/trace,2026-09-06 07:51:09 -0300,2026-09-06 07:52:09 -0300,120,2.0
https://www.google.com/generate_204,2026-09-06 07:52:09 -0300,2026-09-06 07:53:09 -0300,120,2.0
https://www.cloudflare.com/cdn-cgi/trace,2026-09-06 09:25:09 -0300,2026-09-06 09:25:09 -0300,60,1.0
https://www.cloudflare.com/cdn-cgi/trace,2026-09-06 09:45:09 -0300,2026-09-06 09:46:09 -0300,120,2.0
https://www.google.com/generate_204,2026-09-06 09:45:09 -0300,2026-09-06 09:46:09 -0300,120,2.0
https://www.cloudflare.com/cdn-cgi/trace,2026-09-06 09:49:09 -0300,2026-09-06 09:49:09 -0300,60,1.0
https://www.cloudflare.com/cdn-cgi/trace,2026-09-06 10:06:09 -0300,2026-09-06 10:08:09 -0300,180,3.0
https://www.google.com/generate_204,2026-09-06 10:06:09 -0300,2026-09-06 10:06:09 -0300,60,1.0
https://www.google.com/generate_204,2026-09-06 10:32:09 -0300,2026-09-06 10:32:09 -0300,60,1.0
https://www.cloudflare.com/cdn-cgi/trace,2026-09-06 17:00:09 -0300,2026-09-06 17:02:09 -0300,180,3.0
https://www.cloudflare.com/cdn-cgi/trace,2026-09-06 17:06:09 -0300,2026-09-06 17:07:09 -0300,120,2.0
https://www.cloudflare.com/cdn-cgi/trace,2026-09-06 17:11:09 -0300,2026-09-06 17:11:09 -0300,60,1.0
https://www.google.com/generate_204,2026-09-06 17:28:09 -0300,2026-09-06 17:28:09 -0300,60,1.0
https://www.cloudflare.com/cdn-cgi/trace,2026-09-06 17:29:09 -0300,2026-09-06 17:29:09 -0300,60,1.0
https://www.cloudflare.com/cdn-cgi/trace,2026-09-06 17:33:09 -0300,2026-09-06 17:33:09 -0300,60,1.0
https://www.cloudflare.com/cdn-cgi/trace,2026-09-06 17:36:09 -0300,2026-09-06 17:36:09 -0300,60,1.0
https://www.google.com/generate_204,2026-09-06 17:49:09 -0300,2026-09-06 17:49:09 -0300,60,1.0
https://www.cloudflare.com/cdn-cgi/trace,2026-09-06 17:50:09 -0300,2026-09-06 17:50:09 -0300,60,1.0
https://www.google.com/generate_204,2026-09-06 17:52:09 -0300,2026-09-06 17:52:09 -0300,60,1.0
https://www.cloudflare.com/cdn-cgi/trace,2026-09-06 18:02:09 -0300,2026-09-06 18:02:09 -0300,60,1.0
https://www.cloudflare.com/cdn-cgi/trace,2026-09-06 18:05:09 -0300,2026-09-06 18:09:09 -0300,300,5.0
https://www.google.com/generate_204,2026-09-06 18:05:09 -0300,2026-09-06 18:05:09 -0300,60,1.0
https://www.google.com/generate_204,2026-09-06 18:10:09 -0300,2026-09-06 18:10:09 -0300,60,1.0
https://www.cloudflare.com/cdn-cgi/trace,2026-09-06 18:15:09 -0300,2026-09-06 18:15:09 -0300,60,1.0
https://www.cloudflare.com/cdn-cgi/trace,2026-09-06 18:22:09 -0300,2026-09-06 18:22:09 -0300,60,1.0
https://www.cloudflare.com/cdn-cgi/trace,2026-09-06 18:25:09 -0300,2026-09-06 18:26:09 -0300,120,2.0
https://www.google.com/generate_204,2026-09-06 18:25:09 -0300,2026-09-06 18:25:09 -0300,60,1.0
https://www.cloudflare.com/cdn-cgi/trace,2026-09-06 18:47:09 -0300,2026-09-06 18:47:09 -0300,60,1.0
https://www.cloudflare.com/cdn-cgi/trace,2026-09-06 18:50:09 -0300,2026-09-06 18:50:09 -0300,60,1.0
https://www.cloudflare.com/cdn-cgi/trace,2026-09-06 22:41:09 -0300,2026-09-06 22:41:09 -0300,60,1.0
https://www.cloudflare.com/cdn-cgi/trace,2026-09-07 08:07:09 -0300,2026-09-07 08:07:09 -0300,60,1.0
https://www.cloudflare.com/cdn-cgi/trace,2026-09-07 10:08:09 -0300,2026-09-07 10:08:09 -0300,60,1.0
https://www.google.com/generate_204,2026-09-07 10:53:09 -0300,2026-09-07 10:53:09 -0300,60,1.0
https://www.cloudflare.com/cdn-cgi/trace,2026-09-07 11:04:09 -0300,2026-09-07 11:04:09 -0300,60,1.0
https://www.cloudflare.com/cdn-cgi/trace,2026-09-07 11:09:09 -0300,2026-09-07 11:09:09 -0300,60,1.0
https://www.cloudflare.com/cdn-cgi/trace,2026-09-07 11:13:09 -0300,2026-09-07 11:13:09 -0300,60,1.0
https://www.google.com/generate_204,2026-09-07 11:38:09 -0300,2026-09-07 11:45:09 -0300,480,8.0
https://www.cloudflare.com/cdn-cgi/trace,2026-09-07 11:42:09 -0300,2026-09-07 11:42:09 -0300,60,1.0
